marca;preco;loja;link
Placa de Vídeo Biostar AMD Radeon RX 6700 XT OC, 12GB, GDDR6, FSR, Ray Tracing, VA67S6TML9;R$ 1.699,99;Terabyte;https://www.terabyteshop.com.br/produto/27918/placa-de-video-biostar-amd-radeon-rx-6700-xt-oc-12gb-gddr6-fsr-ray-tracing-va67s6tml9
Placa de Vídeo ASRock Radeon RX 6600 Challenger D, 8GB, GDDR6, FSR, Ray Tracing, 90-GA2RZZ-00UANF;R$ 1.299,99;Terabyte;https://www.terabyteshop.com.br/produto/19808/placa-de-video-asrock-radeon-rx-6600-challenger-d-8gb-gddr6-fsr-ray-tracing-90-ga2rzz-00uanf
Placa de Vídeo Asus TUF Gaming NVIDIA GeForce RTX 4060 Ti OC, 8GB, GDDR6, DLSS, Ray Tracing, TUF-RTX4060T;R$ 2.799,99;Terabyte;https://www.terabyteshop.com.br/produto/25071/placa-de-video-asus-tuf-gaming-nvidia-geforce-rtx-4060-ti-oc-8gb-gddr6-dlss-ray-tracing-tuf-rtx4060ti-o8g-gaming
Placa de Vídeo MSI NVIDIA GeForce GTX 1650 Ventus XS OC, 4GB, GDDR6, 128Bit, GTX1650D6VXSOC;R$ 768,99;Terabyte;https://www.terabyteshop.com.br/produto/27476/placa-de-video-msi-nvidia-geforce-gtx-1650-ventus-xs-oc-4gb-gddr6-128bit-gtx1650d6vxsoc
Placa de Vídeo ASUS DUAL AMD Radeon RX 6600 V2, 8GB, GDDR6, FSR, Ray Tracing, DUAL-RX6600-8G-V2;R$ 1.279,90;Terabyte;https://www.terabyteshop.com.br/produto/29026/placa-de-video-asus-dual-amd-radeon-rx-6600-v2-8gb-gddr6-fsr-ray-tracing-dual-rx6600-8g-v2
Placa de Vídeo Colorful NVIDIA GeForce RTX 3060 NB DUO V2-V, 8GB, GDDR6, DLSS, Ray Tracing;R$ 1.599,90;Terabyte;https://www.terabyteshop.com.br/produto/28538/placa-de-video-colorful-nvidia-geforce-rtx-3060-nb-duo-v2-v-8gb-gddr6-dlss-ray-tracing
Placa de Vídeo Gigabyte AMD Radeon RX 6600 EAGLE 8G, 8GB, GDDR6, FSR, Ray Tracing;R$ 1.399,90;Terabyte;https://www.terabyteshop.com.br/produto/21405/placa-de-video-gigabyte-amd-radeon-rx-6600-eagle-8g-8gb-gddr6-fsr-ray-tracing
Placa de Vídeo Gigabyte NVIDIA GeForce RTX 4060 Gaming OC, 8G, 8GB, GDDR6, DLSS, Ray Tracing, GV-N4060GAM;R$ 2.079,99;Terabyte;https://www.terabyteshop.com.br/produto/25238/placa-de-video-gigabyte-nvidia-geforce-rtx-4060-gaming-oc-8g-8gb-gddr6-dlss-ray-tracing-gv-n4060gaming-oc-8gd
Placa de Vídeo AsRock AMD Radeon RX 7600 Challenger OC, 8GB, GDDR6, FSR, Ray Tracing, 90-GA41ZZ-00UANF;R$ 1.699,99;Terabyte;https://www.terabyteshop.com.br/produto/25051/placa-de-video-asrock-amd-radeon-rx-7600-challenger-oc-8gb-gddr6-fsr-ray-tracing-90-ga41zz-00uanf
Placa De Vídeo MSI NVIDIA GeForce RTX 4070 Super Ventus 3X OC, 12GB, GDDR6X, DLSS, Ray Tracing, 912-V513-;R$ 3.999,99;Terabyte;https://www.terabyteshop.com.br/produto/28528/placa-de-video-msi-nvidia-geforce-rtx-4070-super-ventus-3x-oc-12gb-gddr6x-dlss-ray-tracing-912-v513-643
Placa de Vídeo XFX Speedster AMD Radeon RX 6650 XT SWFT 210, 8GB, GDDR6, FSR, Ray Tracing, RX-665X8DFDY;R$ 1.479,99;Terabyte;https://www.terabyteshop.com.br/produto/25059/placa-de-video-xfx-speedster-amd-radeon-rx-6650-xt-swft-210-8gb-gddr6-fsr-ray-tracing-rx-665x8dfdy
Placa de Vídeo Colorful NVIDIA GeForce RTX 3050 NB DUO V2-V, 6GB, GDDR6, DLSS, Ray Tracing, RTX 3050 NB D;R$ 1.139,90;Terabyte;https://www.terabyteshop.com.br/produto/28446/placa-de-video-colorful-nvidia-geforce-rtx-3050-nb-duo-v2-v-6gb-gddr6-dlss-ray-tracing-rtx-3050-nb-duo-6gb-v
Placa de Vídeo Gigabyte NVIDIA GeForce RTX 4060 EAGLE OC, 8GB, GDDR6, DLSS, Ray Tracing, GV-N4060EAGLE OC;R$ 2.099,99;Terabyte;https://www.terabyteshop.com.br/produto/25236/placa-de-video-gigabyte-nvidia-geforce-rtx-4060-eagle-oc-8gb-gddr6-dlss-ray-tracing-gv-n4060eagle-oc-8gd
Placa de Vídeo XFX AMD Radeon RX 6750 XT Speedster QICK 319, 12GB, GDDR6, FSR, Ray Tracing, RX-675XYJFDP;R$ 2.249,99;Terabyte;https://www.terabyteshop.com.br/produto/25057/placa-de-video-xfx-radeon-rx-6750-xt-speedster-qick-319-12gb-gddr6-fsr-ray-tracing-rx-675xyjfdp
Placa de Video Gigabyte NVIDIA GeForce RTX 4070 Super Eagle OC, 12GB, GDDR6X, DLSS, Ray Tracing, GV-N407S;R$ 4.099,99;Terabyte;https://www.terabyteshop.com.br/produto/27310/placa-de-video-gigabyte-nvidia-geforce-rtx-4070-super-eagle-oc-12gb-gddr6x-dlss-ray-tracing-gv-n407seagle-oc-12gd
Placa De Vídeo Gigabyte AMD Radeon RX 7600 Gaming OC, 8GB, GDDR6, FSR, Ray Tracing, GV-R76GAMING OC-8GD;R$ 1.699,99;Terabyte;https://www.terabyteshop.com.br/produto/25487/placa-de-video-gigabyte-amd-radeon-rx-7600-gaming-oc-8gb-gddr6-fsr-ray-tracing-gv-r76gaming-oc-8gd
Placa de Vídeo Inno3D GeForce GTX 1650 Twin X2 OC V2, 4GB GDDR6, 128Bit, N16502-04D6X-171330N;R$ 829,99;Terabyte;https://www.terabyteshop.com.br/produto/28174/placa-de-video-inno3d-geforce-gtx-1650-twin-x2-oc-v2-4gb-gddr6-128bit-n16502-04d6x-171330n
Placa De Vídeo Colorful NVIDIA GeForce RTX 4060 NB DUO 8GB V2-V, GDDR6, DLSS, Ray Tracing;R$ 1.959,90;Terabyte;https://www.terabyteshop.com.br/produto/28448/placa-de-video-colorful-nvidia-geforce-rtx-4060-nb-duo-8gb-v2-v-gddr6-dlss-ray-tracing
Placa de Vídeo Gigabyte NVIDIA GeForce RTX 4060 WINDFORCE OC, 8GB, GDDR6, DLSS, Ray Tracing, GV-N4060WF2O;R$ 1.799,99;Terabyte;https://www.terabyteshop.com.br/produto/25235/placa-de-video-gigabyte-nvidia-geforce-rtx-4060-windforce-oc-8gbgddr6-dlss-ray-tracing-gv-n4060wf2oc-8gd
Placa de Video Gigabyte NVIDIA GeForce RTX 4070 Super Windforce OC, 12GB, GDDR6X, DLSS, Ray Tracing, GV-N;R$ 3.699,99;Terabyte;https://www.terabyteshop.com.br/produto/27313/placa-de-video-gigabyte-nvidia-geforce-rtx-4070-super-windforce-oc-12gb-gddr6x-dlss-ray-tracing-gv-n407swf3oc-12gd
Placa de Vídeo Palit GeForce RTX 3050 StormX, 6GB, GDDR6, DLSS, Ray Tracing, NE63050018JE-1070F;R$ 1.159,99;Terabyte;https://www.terabyteshop.com.br/produto/28156/placa-de-video-palit-geforce-rtx-3050-stormx-6gb-gddr6-dlss-ray-tracing-ne63050018je-1070f
Placa de Vídeo Palit GeForce RTX 3050 StormX, OC, 6GB, GDDR6, DLSS, Ray Tracing, NE63050S18JE-1070F;R$ 1.248,99;Terabyte;https://www.terabyteshop.com.br/produto/28159/placa-de-video-palit-geforce-rtx-3050-stormx-oc-6gb-gddr6-dlss-ray-tracing-ne63050s18je-1070f
Placa de Vídeo Gigabyte NVIDIA GeForce RTX 4060 Ti Gaming OC, 8GB, GDDR6, DLSS, Ray Tracing, GV-N406TGAMI;R$ 2.699,99;Terabyte;https://www.terabyteshop.com.br/produto/25154/placa-de-video-gigabyte-nvidia-geforce-rtx-4060-ti-gaming-oc-8gb-gddr6-dlss-ray-tracing-gv-n406tgaming-oc-8gd
Placa De Video Gigabyte GeForce RTX 4070 Ti Eagle OC, 12GB, GDDR6X, DLSS, Ray Tracing, GV-N407TEAGLE OC-1;R$ 5.699,90;Terabyte;https://www.terabyteshop.com.br/produto/23368/placa-de-video-gigabyte-geforce-rtx-4070-ti-eagle-oc-12gb-gddr6x-dlss-ray-tracing-gv-n407teagle-oc-12gd
Placa De Vídeo Afox GeForce GT 610, 1GB, DDR3, 64bit, AF610-1024D3L5;R$ 149,90;Terabyte;https://www.terabyteshop.com.br/produto/22046/placa-de-video-afox-geforce-gt-610-1gb-ddr3-64bit-af610-1024d3l5
Placa de Vídeo Afox Radeon RX 550, 4GB, GDDR5, AFRX550-4096D5H4-V6;R$ 479,90;Terabyte;https://www.terabyteshop.com.br/produto/20487/placa-de-video-afox-radeon-rx-550-4gb-gddr5-afrx550-4096d5h4-v6
Placa de Vídeo PowerColor, Radeon, RX 550 Red Dragon, 4GB, DDR5, 128Bit, AXRX 550 4GBD5-HLE;R$ 489,90;Terabyte;https://www.terabyteshop.com.br/produto/20443/placa-de-video-powercolor-radeon-rx-550-red-dragon-4gb-ddr5-128bit-axrx-550-4gbd5-hle
Placa de Vídeo Afox Radeon RX 550, 4GB, GDDR5, AFRX550-4096D5H4-V5;R$ 489,90;Terabyte;https://www.terabyteshop.com.br/produto/12950/placa-de-video-afox-rx-550-4gb-gddr5-128bit-afrx550-4096d5h4
Placa De Vídeo Duex AMD Radeon RX 550, 4GB, GDDR5, 128 Bit, DX RX550-4GB;R$ 519,90;Terabyte;https://www.terabyteshop.com.br/produto/23288/placa-de-video-duex-amd-radeon-rx-550-4gb-gddr5-128-bit-dx-rx550-4gb
Placa de Video Biostar, Radeon RX 560 D 4GB, GDDR5, 128 Bit, VA5615RF41;R$ 529,99;Terabyte;https://www.terabyteshop.com.br/produto/13984/placa-de-video-biostar-radeon-rx-560-4gb-gddr5-va5615rf41-tbmra-bs2
Placa de Vídeo Gigabyte NVIDIA GeForce RTX 4060 Ti EAGLE OC ICE 8G, 8GB, GDDR6, DLSS, RayTracing, GV-N406;R$ 2.899,90;Terabyte;https://www.terabyteshop.com.br/produto/29212/placa-de-video-gigabyte-nvidia-geforce-rtx-4060-ti-eagle-oc-ice-8g-8gb-gddr6-dlss-raytracing-gv-n406teagleoc-ice-8gd
Placa de Vídeo Duex NVIDIA GeForce GT740LP, 4GB, 128Bit, DDR3, GT740LP-4GD3-A;R$ 279,90;Terabyte;https://www.terabyteshop.com.br/produto/29124/placa-de-video-duex-nvidia-geforce-gt740lp-4gb-128bit-ddr3-gt740lp-4gd3
Placa de Vídeo MSI NVIDIA GeForce RTX 3050 VENTUS 2X XS OC, 8GB GDDR6, DLSS, Ray Tracing, 912-V809-4266;R$ 1.489,99;Terabyte;https://www.terabyteshop.com.br/produto/29045/placa-de-video-msi-nvidia-geforce-rtx-3050-ventus-2x-xs-oc-8gb-gddr6-dlss-ray-tracing-912-v809-4266
Placa de Vídeo Palit NVIDIA GeForce RTX 4060 Infinity 2, 8GB, GDDR6, DLSS, Ray Tracing, NE64060019P1-1070;R$ 1.999,99;Terabyte;https://www.terabyteshop.com.br/produto/29014/placa-de-video-palit-nvidia-geforce-rtx-4060-infinity-2-8gb-gddr6-dlss-ray-tracing-ne64060019p1-1070l
Placa De Vídeo Gigabyte AMD Radeon RX 7900 XTX Gaming OC, 24GB, GDDR6, FSR, Ray Tracing, GV-R79XTXGAMING;R$ 7.359,90;Terabyte;https://www.terabyteshop.com.br/produto/29003/placa-de-video-gigabyte-amd-radeon-rx-7900-xtx-gaming-oc-24gb-gddr6-fsr-ray-tracing-gv-r79xtxgaming-oc-24gd
Placa de Vídeo PCYES NVIDIA GeForce RTX 2060, 6GB, GDDR6, 192Bit, PVRTX20606GB;R$ 1.499,90;Terabyte;https://www.terabyteshop.com.br/produto/28961/placa-de-video-pcyes-nvidia-geforce-rtx-2060-6gb-gddr6-192bit-pvrtx20606gb
Placa de Vídeo PCYES NVIDIA GeForce RTX 3050, 8GB, GDDR6, 128Bit, PVRTX30508GB;R$ 1.699,90;Terabyte;https://www.terabyteshop.com.br/produto/28966/placa-de-video-pcyes-nvidia-geforce-rtx-3050-8gb-gddr6-128bit-pvrtx30508gb
Placa de Vídeo PCYES NVIDIA GeForce G 210, 1GB, DDR3, 64-Bit, Low Profile, PVG2101GBR364LP;R$ 139,90;Terabyte;https://www.terabyteshop.com.br/produto/28903/placa-de-video-pcyes-nvidia-geforce-g-210-1gb-ddr3-64-bit-low-profile-pvg2101gbr364lp
Placa de Vídeo PCYES NVIDIA GeForce GT 710, 2GB, DDR3, 64-Bit, PVGT7102GB;R$ 249,90;Terabyte;https://www.terabyteshop.com.br/produto/28905/placa-de-video-pcyes-nvidia-geforce-gt-710-2gb-ddr3-64-bit-pvgt7102gb
Placa De Vídeo PCYES NVIDIA GeForce GT 730, 4GB, GDDR5, 64-Bit, PVGT7304GB;R$ 359,90;Terabyte;https://www.terabyteshop.com.br/produto/28922/placa-de-video-pcyes-nvidia-geforce-gt-730-4gb-gddr5-64-bit-pvgt7304gb
Placa de Vídeo Gigabyte NVIDIA GeForce RTX 3050 EAGLE OC, 6GB, GDDR6, DLSS, Ray Tracing, GV-N3050EAGLE OC;R$ 1.189,99;Terabyte;https://www.terabyteshop.com.br/produto/28750/placa-de-video-gigabyte-nvidia-geforce-rtx-3050-eagle-oc-6gb-gddr6-dlss-ray-tracing-gv-n3050eagle-oc-6gd
Placa de Vídeo PCYES NVIDIA GeForce RTX 2060 Dual, 6GB, GDDR6, DLSS, Ray Tracing, PA2060RTX6GDF;R$ 1.459,90;Terabyte;https://www.terabyteshop.com.br/produto/28710/placa-de-video-pcyes-nvidia-geforce-rtx-2060-dual-6gb-gddr6-dlss-ray-tracing-pa2060rtx6gdf
Placa de Vídeo PCYES NVIDIA GeForce G 210, 1GB, DDR3, 64-Bit, PPE210DR3SFBR;R$ 139,90;Terabyte;https://www.terabyteshop.com.br/produto/28713/placa-de-video-pcyes-nvidia-geforce-g-210-1gb-ddr3-64-bit-ppe210dr3sfbr
Placa de Vídeo PCYES AMD Radeon RX 550, 4GB, GDDR5, 128-Bit, PVEX5504GBDF;R$ 529,90;Terabyte;https://www.terabyteshop.com.br/produto/28714/placa-de-video-pcyes-amd-radeon-rx-550-4gb-gddr5-128-bit-pvex5504gbdf
Placa de Vídeo Asus Dual AMD Radeon RX 7700 XT OC, 12GB, GDDR6, FSR, Ray Tracing, DUAL-RX7700XT-O12G;R$ 3.199,90;Terabyte;https://www.terabyteshop.com.br/produto/28716/placa-de-video-asus-dual-amd-radeon-rx-7700-xt-oc-12gb-gddr6-fsr-ray-tracing-dual-rx7700xt-o12g
Placa De Vídeo PCYES NVIDIA GeForce GT 610, 2GB, GDDR3, PPE610DR3LPBR;R$ 169,90;Terabyte;https://www.terabyteshop.com.br/produto/28699/placa-de-video-pcyes-nvidia-geforce-gt-610-2gb-gddr3-ppe610dr3lpbr
Placa De Vídeo PCYES Radeon R5 230, 2GB, GDDR3, PPER230DR3LPBR;R$ 179,90;Terabyte;https://www.terabyteshop.com.br/produto/28697/placa-de-video-pcyes-radeon-r5-230-2gb-gddr3-pper230dr3lpbr
Placa De Vídeo PCYES Radeon R5 220, 2GB, GDDR3, PPER5DR3LPBR;R$ 174,90;Terabyte;https://www.terabyteshop.com.br/produto/28698/placa-de-video-pcyes-radeon-r5-220-2gb-gddr3-pper5dr3lpbr
Placa de Vídeo AsRock AMD Radeon RX 7900 GRE Steel Legend OC, 16GB, GDDR6, FSR, Ray Tracing, 90-GA51ZZ-00;R$ 4.499,99;Terabyte;https://www.terabyteshop.com.br/produto/28565/placa-de-video-asrock-amd-radeon-rx-7900-gre-steel-legend-oc-16gb-gddr6-fsr-ray-tracing-90-ga51zz-00uanf
Placa De Vídeo MSI NVIDIA GeForce RTX 4070 Ti Super Gaming X Slim, 16GB, GDDR6X, DLSS, Ray Tracing, 912-V;R$ 5.927,99;Terabyte;https://www.terabyteshop.com.br/produto/28524/placa-de-video-msi-nvidia-geforce-rtx-4070-ti-super-gaming-x-slim-16gb-gddr6x-dlss-ray-tracing-912-v513-625
Placa De Vídeo MSI NVIDIA GeForce RTX 4070 Super Gaming X Slim MLG, 12GB, GDDR6X, DLSS, Ray Tracing, 912-;R$ 4.677,99;Terabyte;https://www.terabyteshop.com.br/produto/28525/placa-de-video-msi-nvidia-geforce-rtx-4070-super-gaming-x-slim-mlg-12gb-gddr6x-dlss-ray-tracing-912-v513-667
Placa de Vídeo MSI NVIDIA GeForce RTX 4070 Super Ventus 2X OC White, 12GB, GDDR6X, DLSS, Ray Tracing, 912;R$ 4.257,99;Terabyte;https://www.terabyteshop.com.br/produto/28529/placa-de-video-msi-nvidia-geforce-rtx-4070-super-ventus-2x-oc-white-12gb-gddr6x-dlss-ray-tracing-912-v513-642
Placa De Vídeo MSI NVIDIA GeForce RTX 4070 Ti Super Ventus 3X OC, 16GB, GDDR6X, DLSS, Ray Tracing, 912-V5;R$ 5.589,99;Terabyte;https://www.terabyteshop.com.br/produto/28530/placa-de-video-msi-nvidia-geforce-rtx-4070-ti-super-ventus-3x-oc-16gb-gddr6x-dlss-ray-tracing-912-v513-627
Placa De Vídeo Asus TUF Gaming AMD Radeon RX 7900 XT OC, 20GB, GDDR6, FSR, Ray Tracing, TUF-RX7900XT-O20G;R$ 6.099,90;Terabyte;https://www.terabyteshop.com.br/produto/28519/placa-de-video-asus-tuf-gaming-amd-radeon-rx-7900-xt-oc-20gb-gddr6-fsr-ray-tracing-tuf-rx7900xt-o20g-gaming
Placa De Vídeo Galax NVIDIA GeForce RTX 4070 Ti Super EX 1-Click OC, 16GB, GDDR6X, DLSS, Ray Tracing, 47U;R$ 6.099,00;Terabyte;https://www.terabyteshop.com.br/produto/28493/placa-de-video-galax-nvidia-geforce-rtx-4070-ti-super-ex-1-click-oc-16gb-gddr6x-dlss-ray-tracing-47uzm6md9bup
Placa De Vídeo Colorful NVIDIA GeForce RTX 4060 Ti NB DUO 16GB-V, GDDR6, DLSS, Ray Tracing;R$ 2.899,90;Terabyte;https://www.terabyteshop.com.br/produto/28459/placa-de-video-colorful-nvidia-geforce-rtx-4060-ti-nb-duo-16gb-v-gddr6-dlss-ray-tracing
Placa de Vídeo Colorful, GeForce, RTX 4070, 12GB, GDDR6X, DLSS, Ray Tracing, RTX 4070 NB EX-V;R$ 3.599,90;Terabyte;https://www.terabyteshop.com.br/produto/28464/placa-de-video-colorful-geforce-rtx-4070-12gb-gddr6x-dlss-ray-tracing-rtx-4070-nb-ex-v
Placa De Vídeo Colorful NVIDIA GeForce RTX 4060 Ti NB DUO 8GB-V, GDDR6, DLSS, Ray Tracing;R$ 2.569,90;Terabyte;https://www.terabyteshop.com.br/produto/28451/placa-de-video-colorful-nvidia-geforce-rtx-4060-ti-nb-duo-8gb-gddr6-dlss-ray-tracing
Placa De Vídeo Colorful IGame NVIDIA GeForce RTX 4060 Ti Ultra W DUO OC 8GB-V, GDDR6, DLSS, Ray Tracing;R$ 2.659,90;Terabyte;https://www.terabyteshop.com.br/produto/28453/placa-de-video-colorful-igame-nvidia-geforce-rtx-4060-ti-ultra-w-duo-oc-8gb-v-gddr6-dlss-ray-tracing
Placa de Vídeo BRX NVIDIA GeForce GT 610, 2GB, GDDR3, 64bit, PVBRX-GT6102GBD3;R$ 169,90;Terabyte;https://www.terabyteshop.com.br/produto/28455/placa-de-video-brx-nvidia-geforce-gt-610-2gb-gddr3-64bit-pvbrx-gt6102gbd3
Placa de Video Gigabyte Aorus Master NVIDIA GeForce RTX 4070 Ti Super, 16GB, GDDR6X, DLSS, Ray Tracing, G;R$ 6.239,90;Terabyte;https://www.terabyteshop.com.br/produto/28397/placa-de-video-gigabyte-aorus-master-nvidia-geforce-rtx-4070-ti-super-16gb-gddr6x-dlss-ray-tracing-gv-n407tsaorus-m-16gd
Placa De Video Gigabyte GeForce RTX 4070 Ti Super Eagle OC ICE, 16GB, GDDR6X, DLSS, Ray Tracing, GV-N407T;R$ 5.999,90;Terabyte;https://www.terabyteshop.com.br/produto/28401/placa-de-video-gigabyte-geforce-rtx-4070-ti-super-eagle-oc-ice-16gb-gddr6x-dlss-ray-tracing-gv-n407tseagleoc-ice-16gd
Placa de Vídeo Palit GeForce RTX 4080 Super Gaming Pro OC, 16GB, GDDR6X, DLSS, Ray Tracing, NED408ST19T2-;R$ 7.159,99;Terabyte;https://www.terabyteshop.com.br/produto/28157/placa-de-video-palit-geforce-rtx-4080-super-gaming-pro-oc-16gb-gddr6x-dlss-ray-tracing-ned408st19t2-1032a
Placa de Vídeo Palit GeForce RTX 4080 Super Gaming Pro, 16GB, GDDR6X, DLSS, Ray Tracing, NED408S019T2-103;R$ 7.099,99;Terabyte;https://www.terabyteshop.com.br/produto/28158/placa-de-video-palit-geforce-rtx-4080-super-gaming-pro-16gb-gddr6x-dlss-ray-tracing-ned408s019t2-1032a
Placa de Vídeo Palit GeForce RTX 4070 Ti Super Gaming Pro White OC, 16GB, GDDR6X, DLSS, Ray Tracing, NED4;R$ 5.699,99;Terabyte;https://www.terabyteshop.com.br/produto/28160/placa-de-video-palit-geforce-rtx-4070-ti-super-gaming-pro-white-oc-16gb-gddr6x-dlss-ray-tracing-ned47tst19t2-1043w
Placa de Vídeo Palit GeForce RTX 4070 Ti Super Gaming Pro OC, 16GB, GDDR6X, DLSS, Ray Tracing, NED47TSH19;R$ 5.799,99;Terabyte;https://www.terabyteshop.com.br/produto/28164/placa-de-video-palit-geforce-rtx-4070-ti-super-gaming-pro-oc-16gb-gddr6x-dlss-ray-tracing-ned47tsh19t2-1043a
Placa de Vídeo Palit NVIDIA GeForce RTX 4060 Ti Dual, OC, 8GB, GDDR6, DLSS, Ray Tracing, NE6406TT19P1-106;R$ 2.699,99;Terabyte;https://www.terabyteshop.com.br/produto/28166/placa-de-video-palit-nvidia-geforce-rtx-4060-ti-dual-oc-8gb-gddr6-dlss-ray-tracing-ne6406tt19p1-1060d
Placa de Vídeo Palit GeForce RTX 3050 KalmX, 6GB, GDDR6, DLSS, Ray Tracing, NE63050018JE-1070H;R$ 1.199,99;Terabyte;https://www.terabyteshop.com.br/produto/28173/placa-de-video-palit-geforce-rtx-3050-kalmex-6gb-gddr6-dlss-ray-tracing-ne63050018je-1070h
Placa De Vídeo Gigabyte NVIDIA GeForce RTX 4080 SUPER, AORUS MASTER, 16GB, GDDR6X, DLSS, Ray Tracing, GV-;R$ 8.199,99;Terabyte;https://www.terabyteshop.com.br/produto/28123/placa-de-video-gigabyte-nvidia-geforce-rtx-4080-super-aorus-master-16gb-gddr6x-dlss-ray-tracing-gv-n408saorus-m-16gd
Placa de Video Gigabyte GeForce RTX 4080 Super, Gaming OC, 16GB, GDDR6X, DLSS, Ray Tracing, GV-N408SGAMIN;R$ 6.999,99;Terabyte;https://www.terabyteshop.com.br/produto/28130/placa-de-video-gigabyte-geforce-rtx-4080-super-gaming-oc-16gb-gddr6x-dlss-ray-tracing-gv-n408sgaming-oc-16gd
Placa de Vídeo Asus Rog Strix, NVIDIA GeForce RTX 4090 White, 24GB, GDDR6X, DLSS, Ray Tracing, 90YV0ID3-M;R$ 12.799,99;Terabyte;https://www.terabyteshop.com.br/produto/28033/placa-de-video-asus-rog-strix-nvidia-geforce-rtx-4090-white-24gb-gddr6x-dlss-ray-tracing-90yv0id3-m0na00
Placa de Vídeo Asus Rog Strix, NVIDIA GeForce RTX 4090, 24GB, GDDR6X, DLSS, Ray Tracing;R$ 12.999,99;Terabyte;https://www.terabyteshop.com.br/produto/27955/placa-de-video-asus-rog-strix-nvidia-geforce-rtx-4090-24gb-gddr6x-dlss-ray-tracing
Placa de Vídeo Asus Dual, NVIDIA GeForce RTX 3050 OC, 6GB, GDDR6, DLSS, Ray Tracing;R$ 1.299,99;Terabyte;https://www.terabyteshop.com.br/produto/27959/placa-de-video-asus-dual-nvidia-geforce-rtx-3050-oc-6gb-gddr6-dlss-ray-tracing
Placa de Vídeo Biostar AMD Radeon RX 6700 XT, 12GB, GDDR6, FSR, Ray Tracing, VA67T6TML9;R$ 1.999,90;Terabyte;https://www.terabyteshop.com.br/produto/27917/placa-de-video-biostar-amd-radeon-rx-6700-xt-12gb-gddr6-fsr-ray-tracing-va67t6tml9
Placa de Vídeo Gigabyte NVIDIA GeForce RTX 4060 Ti WINDFORCE, 8GB, GDDR6, DLSS, Ray Tracing, GV-N406TWF2-;R$ 2.599,99;Terabyte;https://www.terabyteshop.com.br/produto/27842/placa-de-video-gigabyte-nvidia-geforce-rtx-4060-ti-windforce-8gb-gddr6-dlss-ray-tracing-gv-n406twf2-8gd
Placa de Vídeo Gigabyte NVIDIA GeForce RTX 4060 Ti WINDFORCE OC, 16GB, GDDR6, DLSS, Ray Tracing, GV-N406T;R$ 3.129,90;Terabyte;https://www.terabyteshop.com.br/produto/27843/placa-de-video-gigabyte-nvidia-geforce-rtx-4060-ti-windforce-oc-16gb-gddr6-dlss-ray-tracing-gv-n406twf2oc-16gd
Placa de Vídeo Gigabyte NVIDIA GeForce RTX 4060 Ti Gaming, 16GB, GDDR6, DLSS, Ray Tracing, GV-N406TGAMING;R$ 3.439,90;Terabyte;https://www.terabyteshop.com.br/produto/27844/placa-de-video-gigabyte-nvidia-geforce-rtx-4060-ti-gaming-16gb-gddr6-dlss-ray-tracing-gv-n406tgaming-16gd
Placa de Vídeo Galax NVIDIA GeForce RTX 4070 Super 1-Click OC 2X, 12GB, GDDR6X, DLSS, Ray Tracing, 47SOM7;R$ 4.279,00;Terabyte;https://www.terabyteshop.com.br/produto/27851/placa-de-video-galax-nvidia-geforce-rtx-4070-super-1-click-oc-2x-12gb-gddr6x-dlss-ray-tracing-47som7md9psu
Placa de Vídeo Galax NVIDIA GeForce RTX 4070 Ti Super SG 1-Click OC, 16GB, GDDR6X, DLSS, Ray Tracing, 47U;R$ 6.199,90;Terabyte;https://www.terabyteshop.com.br/produto/27852/placa-de-video-galax-nvidia-geforce-rtx-4070-ti-super-sg-1-click-oc-16gb-gddr6x-dlss-ray-tracing-47uzm6md6mer
Placa de Vídeo Sapphire Pure AMD Radeon RX 7700 XT, 12GB, GDDR6, FSR, Ray Tracing, 11335-03-20G;R$ 3.299,99;Terabyte;https://www.terabyteshop.com.br/produto/27801/placa-de-video-sapphire-pure-amd-radeon-rx-7700-xt-12gb-gddr6-fsr-ray-tracing-11335-03-20g
Placa de Video Gigabyte NVIDIA GeForce RTX 4080 Super Windforce V2, 16GB, GDDR6X, DLSS, Ray Tracing, Rev;R$ 7.199,90;Terabyte;https://www.terabyteshop.com.br/produto/27756/placa-de-video-gigabyte-nvidia-geforce-rtx-4080-super-windforce-v2-16gb-gddr6x-dlss-ray-tracing-rev-10-gv-n408swf3v2-16gd
Placa de Video Gigabyte NVIDIA GeForce RTX 4070 Ti Super Gaming OC, 16GB, GDDR6X, DLSS, Ray Tracing, GV-N;R$ 5.899,99;Terabyte;https://www.terabyteshop.com.br/produto/27707/placa-de-video-gigabyte-nvidia-geforce-rtx-4070-ti-super-gaming-oc-16gb-gddr6x-dlss-ray-tracing-gv-n407tsgaming-oc-16gd
Placa de Vídeo Gigabyte AMD Radeon RX 7600 XT Gaming OC, 16GB, GDDR6, FSR, Ray Tracing, GV-R76XTGAMING OC;R$ 2.199,99;Terabyte;https://www.terabyteshop.com.br/produto/27710/placa-de-video-gigabyte-amd-radeon-rx-7600-xt-gaming-oc-16gb-gddr6-fsr-ray-tracing-gv-r76xtgaming-oc-16gd
Placa de Vídeo Manli NVIDIA GeForce RTX 4060, 8GB, GDDR6, DLSS, Ray Tracing, M-NRTX4060/6RGHPPP-M2560;R$ 2.019,90;Terabyte;https://www.terabyteshop.com.br/produto/27696/placa-de-video-manli-nvidia-geforce-rtx-4060-8gb-gddr6-dlss-ray-tracing-m-nrtx40606rghppp-m2560
Placa de Video Gigabyte NVIDIA GeForce RTX 4070 Super Eagle OC ICE, 12GB, GDDR6X, DLSS, Ray Tracing, GV-N;R$ 4.299,90;Terabyte;https://www.terabyteshop.com.br/produto/27702/placa-de-video-gigabyte-nvidia-geforce-rtx-4070-super-eagle-oc-ice-12gb-gddr6x-dlss-ray-tracing-gv-n407seagleoc-ice-12gd
Placa De Vídeo Gigabyte NVIDIA GeForce RTX 4090 Windforce V2, 24GB, GDDR6X, DLSS, Ray Tracing, GV-N4090WF;R$ 12.599,90;Terabyte;https://www.terabyteshop.com.br/produto/27661/placa-de-video-gigabyte-nvidia-geforce-rtx-4090-windforce-v2-24gb-gddr6x-dlss-ray-tracing-gv-n4090wf3v2-24gd
Placa de Video Gigabyte NVIDIA GeForce RTX 4070 Ti Super Windforce OC, 16GB, GDDR6X, DLSS, Ray Tracing, G;R$ 5.899,99;Terabyte;https://www.terabyteshop.com.br/produto/27663/placa-de-video-gigabyte-nvidia-geforce-rtx-4070-ti-super-windforce-oc-16gb-gddr6x-dlss-ray-tracing-gv-n407tswf3oc-16gd
Placa de Vídeo Gigabyte NVIDIA GeForce RTX 4070 Ti Super Aero OC, 16GB, White, GDDR6X, DLSS, Ray Tracing,;R$ 5.299,99;Terabyte;https://www.terabyteshop.com.br/produto/27665/placa-de-video-gigabyte-nvidia-geforce-rtx-4070-ti-super-aero-oc-16gb-white-gddr6x-dlss-ray-tracing-gv-n407tsaero-oc-16gd
Placa de Vídeo ASRock AMD Radeon RX 7600 XT Steel Legend OC, 16GB, GDDR6, FSR, Ray Tracing, RX7600XT SL 1;R$ 2.099,99;Terabyte;https://www.terabyteshop.com.br/produto/27421/placa-de-video-asrock-amd-radeon-rx-7600-xt-steel-legend-oc-16gb-gddr6-fsr-ray-tracing-rx7600xt-sl-16go
Placa de Vídeo ASRock AMD Radeon RX 7600 XT Challenger OC, 16GB, GDDR6, FSR, Ray Tracing, RX7600XT CL 16G;R$ 2.299,90;Terabyte;https://www.terabyteshop.com.br/produto/27422/placa-de-video-asrock-amd-radeon-rx-7600-xt-challenger-oc-16gb-gddr6-fsr-ray-tracing-rx7600xt-cl-16go
Placa De Vídeo ASRock AMD Radeon RX 7900 XT Phantom Gaming White OC, 20GB, GDDR6, FSR, Ray Tracing, 90-GA;R$ 5.499,99;Terabyte;https://www.terabyteshop.com.br/produto/27392/placa-de-video-asrock-amd-radeon-rx-7900-xt-phantom-gaming-white-oc-20gb-gddr6-fsr-ray-tracing-90-ga4xzz-00uanf
Placa de Vídeo ASRock AMD Radeon RX 550 Phantom Gaming, 4GB, GDDR5, 128Bits, 90-GA07ZZ-00UANF;R$ 499,99;Terabyte;https://www.terabyteshop.com.br/produto/27394/placa-de-video-asrock-amd-radeon-rx-550-phantom-gaming-4gb-gddr5-128bits-90-ga07zz-00uanf
Placa de Vídeo Biostar AMD Radeon RX 6650 XT, 8GB, GDDR6, FSR, Ray Tracing, VA6656TM81;R$ 1.997,99;Terabyte;https://www.terabyteshop.com.br/produto/27352/placa-de-video-biostar-amd-radeon-rx-6650-xt-8gb-gddr6-fsr-ray-tracing-va6656tm81
Placa de Video Gigabyte GeForce RTX 4070 Super GAMING OC, 12GB, GDDR6X, DLSS, Ray Tracing, GV-N407SGAMING;R$ 3.999,99;Terabyte;https://www.terabyteshop.com.br/produto/27309/placa-de-video-gigabyte-geforce-rtx-4070-super-gaming-oc-12gb-gddr6x-dlss-ray-tracing-gv-n407sgaming-oc-12gd
Placa de Video Gigabyte NVIDIA GeForce RTX 4070 Super Aorus Master, 12GB, GDDR6X, DLSS, Ray Tracing, GV-N;R$ 4.699,90;Terabyte;https://www.terabyteshop.com.br/produto/27311/placa-de-video-gigabyte-nvidia-geforce-rtx-4070-super-master-12gb-gddr6x-dlss-ray-tracing-gv-n407saorus-m-12gd
Placa de Video Gigabyte NVIDIA GeForce RTX 4070 Super AERO OC, 12GB, GDDR6X, DLSS, Ray Tracing, GV-N407SA;R$ 4.299,99;Terabyte;https://www.terabyteshop.com.br/produto/27312/placa-de-video-gigabyte-nvidia-geforce-rtx-4070-super-aero-oc-12gb-gddr6x-dlss-ray-tracing-gv-n407saero-oc-12gd
Placa de Vídeo INNO3D NVIDIA GeForce RTX 4070 Super X3 OC, 12GB, GDDR6X, DLSS, Ray Tracing, N407S3-126XX-;R$ 4.199,99;Terabyte;https://www.terabyteshop.com.br/produto/27214/placa-de-video-inno3d-nvidia-geforce-rtx-4070-super-x3-oc-12gb-gddr6x-dlss-ray-tracing-n407s3-126xx-186162l
Placa de Vídeo INNO3D NVIDIA GeForce RTX 4070 Super Twin X2 OC, 12GB, GDDR6X, DLSS, Ray Tracing, N407S2-1;R$ 3.999,99;Terabyte;https://www.terabyteshop.com.br/produto/27216/placa-de-video-inno3d-nvidia-geforce-rtx-4070-super-twin-x2-oc-12gb-gddr6x-dlss-ray-tracing-n407s2-126xx-186162n
Placa de Vídeo Biostar AMD Radeon RX 580 2048SP, 8GB, GDDR5, 256 Bit, VA5815RQ82;R$ 699,99;Terabyte;https://www.terabyteshop.com.br/produto/27175/placa-de-video-biostar-amd-radeon-rx-580-8gb-gddr5-256-bit-va5815rq82
Placa de Vídeo Biostar AMD Radeon RX 6600M, 8GB, GDDR6, Ray Tracing, VA66M6RM81;R$ 1.359,99;Terabyte;https://www.terabyteshop.com.br/produto/27166/placa-de-video-biostar-amd-radeon-rx-6600m-8gb-gddr6-ray-tracing-va66m6rm81
Placa de Vídeo RX 6600 CLD 8G ASRock AMD Radeon, 8GB, GDDR6  - 90-GA2RZZ-00UANF;R$ 1.298,99;Kabum;https://www.kabum.com.br/produto/235984/placa-de-video-rx-6600-cld-8g-asrock-amd-radeon-8gb-gddr6-90-ga2rzz-00uanf
Placa de Vídeo RX 6600 V2 ASUS Dual AMD Radeon, 8GB GDDR6  - 90YV0GP2-M0NA00;R$ 1.278,99;Kabum;https://www.kabum.com.br/produto/514536/placa-de-video-rx-6600-v2-asus-dual-amd-radeon-8gb-gddr6-90yv0gp2-m0na00
Placa de Vídeo RTX 3060 Ventus 2X MSI NVIDIA GeForce,  12GB GDDR6, DLSS, Ray Tracing - RTX 3060 Ventus 2X 12G OC;R$ 1.739,99;Kabum;https://www.kabum.com.br/produto/384627/placa-de-video-rtx-3060-ventus-2x-msi-nvidia-geforce-12gb-gddr6-dlss-ray-tracing-rtx-3060-ventus-2x-12g-oc
Placa de Vídeo RTX 4060 VENTUS 2x Black OC MSI NVIDIA GeForce, 8GB GDDR6, DLSS, Ray Tracing;R$ 1.939,99;Kabum;https://www.kabum.com.br/produto/469132/placa-de-video-rtx-4060-ventus-2x-black-oc-msi-nvidia-geforce-8gb-gddr6-dlss-ray-tracing
Placa de Vídeo GTX 1650 D6 Ventus XS OCV3 MSI NVIDIA GeForce, 4GB GDDR6, G- Sync - 912-V812-003;R$ 839,99;Kabum;https://www.kabum.com.br/produto/538895/placa-de-video-gtx-1650-d6-ventus-xs-ocv3-msi-nvidia-geforce-4gb-gddr6-g-sync-912-v812-003
Placa de Vídeo RX7600 ASUS Dual Radeon, 8GB GDDR6 - 90YV0IH2-M0NA00;R$ 1.799,99;Kabum;https://www.kabum.com.br/produto/514535/placa-de-video-rx7600-asus-dual-radeon-8gb-gddr6-90yv0ih2-m0na00
Placa de Vídeo Gigabyte Radeon RX 6600 EAGLE AMD, 8GB GDDR6, Preto - GV-R66EAGLE-8GD;R$ 1.369,99;Kabum;https://www.kabum.com.br/produto/246836/placa-de-video-gigabyte-radeon-rx-6600-eagle-amd-8gb-gddr6-preto-gv-r66eagle-8gd
Placa de vídeo RTX 4060 ASUS Dual O8G EVO NVIDIA GeForce, 8GB GDDR6, G-SYNC, Ray Tracing - 90YV0JC7-M0NA00;R$ 2.299,99;Kabum;https://www.kabum.com.br/produto/522531/placa-de-video-rtx-4060-asus-dual-o8g-evo-nvidia-geforce-8gb-gddr6-g-sync-ray-tracing-90yv0jc7-m0na00
Placa de Vídeo RX 7600 GAMING OC 8G AMD Radeon Gigabyte, 8GB GDDR6, 128bits, RGB - GV-R76GAMING OC-8GD;R$ 1.699,99;Kabum;https://www.kabum.com.br/produto/475647/placa-de-video-rx-7600-gaming-oc-8g-amd-radeon-gigabyte-8gb-gddr6-128bits-rgb-gv-r76gaming-oc-8gd
Placa de Vídeo RX 6750XT Gaming XFX Graphics Card AMD Radeon, 12GB GDDR6, Ray tracing, Fidelity FX - RX-675TMBAF9;R$ 2.459,99;Kabum;https://www.kabum.com.br/produto/528811/placa-de-video-rx-6750xt-gaming-xfx-graphics-card-amd-radeon-12gb-gddr6-ray-tracing-fidelity-fx-rx-675tmbaf9
Placa de Vídeo RTX 4060 EAGLE OC Gigabyte NVIDIA GeForce, 8GB GDDR6, DLSS, Ray Tracing - GV-N4060EAGLE OC-8GD;R$ 2.399,99;Kabum;https://www.kabum.com.br/produto/470987/placa-de-video-rtx-4060-eagle-oc-gigabyte-nvidia-geforce-8gb-gddr6-dlss-ray-tracing-gv-n4060eagle-oc-8gd
Placa de Vídeo Galax NVIDIA GeForce GTX 1650 EX Plus (1-Click OC), 4GB, GDDR6 - 65SQL8DS93E1;R$ 899,99;Kabum;https://www.kabum.com.br/produto/115753/placa-de-video-galax-nvidia-geforce-gtx-1650-ex-plus-1-click-oc-4gb-gddr6-65sql8ds93e1
Placa de Vídeo RTX 2060 Duex NVIDIA GeForce, GDDR6  - RTX2060-6GD6;R$ 1.299,99;Kabum;https://www.kabum.com.br/produto/404587/placa-de-video-rtx-2060-duex-nvidia-geforce-gddr6-rtx2060-6gd6
Placa de Vídeo RX 550 AMD PCYes Dual Fan Projeto Edge, 4GB GDDR5, 128 BITS - PVEX5504GBDF;R$ 499,99;Kabum;https://www.kabum.com.br/produto/525880/placa-de-video-rx-550-amd-pcyes-dual-fan-projeto-edge-4gb-gddr5-128-bits-pvex5504gbdf
Placa de Vídeo RTX 4070 Super Gigabyte Eagle OC NVIDIA GeForce, 12GB GDDR6, DLSS, Ray Tracing - GV-N407SEAGLE OC-12GD;R$ 4.499,99;Kabum;https://www.kabum.com.br/produto/517750/placa-de-video-rtx-4070-super-gigabyte-eagle-oc-nvidia-geforce-12gb-gddr6-dlss-ray-tracing-gv-n407seagle-oc-12gd
Placa de Video RTX 4060 TI PNY NVIDIA GeForce Verto Dual Fan, 16GB GDDR6, DLSS, Ray Tracing, G-Sync -  VCG4060T16DFXPB1;R$ 2.899,99;Kabum;https://www.kabum.com.br/produto/476663/placa-de-video-rtx-4060-ti-pny-nvidia-geforce-verto-dual-fan-16gb-gddr6-dlss-ray-tracing-g-sync-vcg4060t16dfxpb1
Placa de Vídeo RTX 4060 Ti OC Edition Asus NVIDIA GeForce, 8 GB GDDR6, DLSS, Ray Tracing - DUAL-RTX4060TI-O8G;R$ 2.944,43;Kabum;https://www.kabum.com.br/produto/461387/placa-de-video-rtx-4060-ti-oc-edition-asus-nvidia-geforce-8-gb-gddr6-dlss-ray-tracing-dual-rtx4060ti-o8g
Placa de Vídeo MSI RTX 3050 Ventus 2X XS OC NVIDIA GeForce, 8GB GDDR6 - 912-V809-4266;R$ 1.259,99;Kabum;https://www.kabum.com.br/produto/547108/placa-de-video-msi-rtx-3050-ventus-2x-xs-oc-nvidia-geforce-8gb-gddr6-912-v809-4266
Placa de Vídeo RTX 4060 TI Ventus 2X Black 8G OC MSI NVIDIA GeForce, 8GB GDDR6, DLSS, Ray Tracing, G-Sync;R$ 2.369,99;Kabum;https://www.kabum.com.br/produto/473206/placa-de-video-rtx-4060-ti-ventus-2x-black-8g-oc-msi-nvidia-geforce-8gb-gddr6-dlss-ray-tracing-g-sync
Placa De Vídeo RTX 4060TI 1 Click Oc, Galax Nvidia Geforce, 8GB, GDDR6, 128 Bits - 46ISL8MD8COC;R$ 2.514,12;Kabum;https://www.kabum.com.br/produto/472671/placa-de-video-rtx-4060ti-1-click-oc-galax-nvidia-geforce-8gb-gddr6-128-bits-46isl8md8coc
Placa de Vídeo RTX4060 1-Click OC 2X TecLab Lite GALAX NVIDIA GeForce, 8GB GDDR6,  G-SYNC, DLSS, Ray Tracing;R$ 2.299,99;Kabum;https://www.kabum.com.br/produto/520724/placa-de-video-rtx4060-1-click-oc-2x-teclab-lite-galax-nvidia-geforce-8gb-gddr6-g-sync-dlss-ray-tracing
Placa de Video RTX 4060 Infinity 2 Palit NVIDIA GeForce, 8GB GDDR6, DLSS, Ray Tracing, G-Sync - NE64060019P1-1070L;R$ 1.899,99;Kabum;https://www.kabum.com.br/produto/581685/placa-de-video-rtx-4060-infinity-2-palit-nvidia-geforce-8gb-gddr6-dlss-ray-tracing-g-sync-ne64060019p1-1070l
Placa de Vídeo RTX 4060 Gaming Verto OC Dual Fan PNY NVIDIA GeForce, 08GB GDDR6X, DLSS 3, Ray Tracing - VCG40608DFXPB1-O;R$ 1.899,99;Kabum;https://www.kabum.com.br/produto/520770/placa-de-video-rtx-4060-gaming-verto-oc-dual-fan-pny-nvidia-geforce-08gb-gddr6x-dlss-3-ray-tracing-vcg40608dfxpb1-o
Placa de Vídeo Gigabyte RX 6400 EAGLE AMD, 4GB GDDR6 - GV-R64EAGLE-4GD;R$ 799,99;Kabum;https://www.kabum.com.br/produto/504404/placa-de-video-gigabyte-rx-6400-eagle-amd-4gb-gddr6-gv-r64eagle-4gd
Placa de Vídeo G610 Projeto Edge Low Profile PCYes NVIDIA GeForce, 2GB, DDR3  - PPE610DR3LPBR;R$ 149,99;Kabum;https://www.kabum.com.br/produto/535138/placa-de-video-g610-projeto-edge-low-profile-pcyes-nvidia-geforce-2gb-ddr3-ppe610dr3lpbr
Placa de Vídeo RX 7600 Steel Legend ASRock AMD Radeon, 8GB GDDR6,  ARGB - 90-GA4DZZ-00UANF;R$ 1.999,99;Kabum;https://www.kabum.com.br/produto/459143/placa-de-video-rx-7600-steel-legend-asrock-amd-radeon-8gb-gddr6-argb-90-ga4dzz-00uanf
Placa de Vídeo RTX4060 ProArt OC Edition ASUS NVIDIA GeForce, 8GB GDDR6, DLSS, Ray Tracing, G-Sync - 90YV0JM0-M0NA00;R$ 2.299,99;Kabum;https://www.kabum.com.br/produto/514530/placa-de-video-rtx4060-proart-oc-edition-asus-nvidia-geforce-8gb-gddr6-dlss-ray-tracing-g-sync-90yv0jm0-m0na00
Placa de Vídeo RX 550 Asus Phoenix AMD Radeon, 4GB, GDDR5 - PH-RX550-4G-EVO;R$ 519,99;Kabum;https://www.kabum.com.br/produto/129772/placa-de-video-rx-550-asus-phoenix-amd-radeon-4gb-gddr5-ph-rx550-4g-evo
Placa de Video RTX 4060 TI Dual Palit NVIDIA GeForce, 8GB GDDR6, RGB, 128bit, G-Sync, Ray Tracing, DLSS - NE6406T019P1-1060D;R$ 2.799,99;Kabum;https://www.kabum.com.br/produto/511040/placa-de-video-rtx-4060-ti-dual-palit-nvidia-geforce-8gb-gddr6-rgb-128bit-g-sync-ray-tracing-dlss-ne6406t019p1-1060d
Placa de Vídeo RTX 4070 Super MSI 12G Ventus 2X OC NVIDIA GeForce, 12GB GDDR6X, DLSS, Ray Tracing;R$ 4.299,99;Kabum;https://www.kabum.com.br/produto/520536/placa-de-video-rtx-4070-super-msi-12g-ventus-2x-oc-nvidia-geforce-12gb-gddr6x-dlss-ray-tracing
Placa de Vídeo RTX 4070 1-Click OC 2X Black PCI-E Galax NVIDIA GeForce, 12GB GDDR6X, DLSS, G-Sync, Ray Tracing, 192 bits - 47NOM7MD8DDF;R$ 3.799,99;Kabum;https://www.kabum.com.br/produto/473907/placa-de-video-rtx-4070-1-click-oc-2x-black-pci-e-galax-nvidia-geforce-12gb-gddr6x-dlss-g-sync-ray-tracing-192-bits-47nom7md8ddf
Placa de Vídeo RTX 4060 TI XLR8 Gaming Verto Epic-x PNY NVIDIA GeForce, 8GB GDDR6, ARGB, DLSS, Ray Tracing, G-Sync - VCG4060T8TFXXPB1;R$ 2.699,99;Kabum;https://www.kabum.com.br/produto/461730/placa-de-video-rtx-4060-ti-xlr8-gaming-verto-epic-x-pny-nvidia-geforce-8gb-gddr6-argb-dlss-ray-tracing-g-sync-vcg4060t8tfxxpb1
Placa de Vídeo GTX 1660 Super PCYes NVIDIA GeForce, 6GB GDDR6, 192 Bits, Full Size - PA1660S6GR6DF;R$ 1.299,99;Kabum;https://www.kabum.com.br/produto/495560/placa-de-video-gtx-1660-super-pcyes-nvidia-geforce-6gb-gddr6-192-bits-full-size-pa1660s6gr6df
Placa de Video RTX 3050 Stormix Palit NVIDIA GeForce, 6GB GDDR6, DLSS, Ray Tracing, Adaptive Sync - NE63050018JE-1070F;R$ 1.049,99;Kabum;https://www.kabum.com.br/produto/534706/placa-de-video-rtx-3050-stormix-palit-nvidia-geforce-6gb-gddr6-dlss-ray-tracing-adaptive-sync-ne63050018je-1070f
Placa De Vídeo RTX 3050 Ventus 2x Xs, Msi Nvidia Geforce, 8GB Oc, GDDR6, 128 Bits - 912-V809-4266;R$ 1.548,12;Kabum;https://www.kabum.com.br/produto/505813/placa-de-video-rtx-3050-ventus-2x-xs-msi-nvidia-geforce-8gb-oc-gddr6-128-bits-912-v809-4266
Placa de Vídeo RTX 2060S Duex NVIDIA GeForce, 8GB GDDR6, 256 Bits, Double Fan - DXRTX2060S;R$ 1.399,99;Kabum;https://www.kabum.com.br/produto/483246/placa-de-video-rtx-2060s-duex-nvidia-geforce-8gb-gddr6-256-bits-double-fan-dxrtx2060s
Placa de Vídeo RTX 4070 Super Gigabyte Gaming OC NVIDIA GeForce, 12GB GDDR6, DLSS, Ray Tracing - GV-N407SGaming OC-12GD;R$ 4.999,99;Kabum;https://www.kabum.com.br/produto/517749/placa-de-video-rtx-4070-super-gigabyte-gaming-oc-nvidia-geforce-12gb-gddr6-dlss-ray-tracing-gv-n407sgaming-oc-12gd
Placa de Vídeo RTX 4060 TI DUAL O8G White ASUS NVIDIA GeForce, 8GB GDDR6, DLSS, Ray Trancing, G-Sync - 90YV0J42-M0NA00;R$ 2.799,99;Kabum;https://www.kabum.com.br/produto/517257/placa-de-video-rtx-4060-ti-dual-o8g-white-asus-nvidia-geforce-8gb-gddr6-dlss-ray-trancing-g-sync-90yv0j42-m0na00
Placa de Vídeo Afox AMD Radeon RX 560, 4GB GDDR5, 128 Bits - AFRX560-4096D5H4-V2;R$ 1.228,97;Kabum;https://www.kabum.com.br/produto/220473/placa-de-video-afox-amd-radeon-rx-560-4gb-gddr5-128-bits-afrx560-4096d5h4-v2
Placa de Vídeo RTX 4070 Ti Super Gigabyte Gaming OC NVIDIA GeForce, 16GB GDDR6, DLSS, Ray Tracing - GV-N407TSGAMING OC-16GD;R$ 5.899,99;Kabum;https://www.kabum.com.br/produto/517737/placa-de-video-rtx-4070-ti-super-gigabyte-gaming-oc-nvidia-geforce-16gb-gddr6-dlss-ray-tracing-gv-n407tsgaming-oc-16gd
Placa de Vídeo RTX 4070 Windforce OC 12G Gigabyte NVIDIA GeForce, 12GB GDDR6X, 192bits, DLSS, Ray Tracing - GV-N4070WF3OC-12GD;R$ 3.999,99;Kabum;https://www.kabum.com.br/produto/475638/placa-de-video-rtx-4070-windforce-oc-12g-gigabyte-nvidia-geforce-12gb-gddr6x-192bits-dlss-ray-tracing-gv-n4070wf3oc-12gd
Placa De Video Msi Nvidia Gtx 1650, 4GB, D6 Ventus Xs Ocv3, GDDR6, HDMI/dp - 912-v812-003;R$ 799,90;Kabum;https://www.kabum.com.br/produto/519804/placa-de-video-msi-nvidia-gtx-1650-4gb-d6-ventus-xs-ocv3-gddr6-hdmi-dp-912-v812-003
Placa de Vídeo RX 7900 XTX Sapphire AMD, 24 GB GDDR6 - 11322-02-20G;R$ 6.499,99;Kabum;https://www.kabum.com.br/produto/417239/placa-de-video-rx-7900-xtx-sapphire-amd-24-gb-gddr6-11322-02-20g
Placa de Vídeo Afox NVIDIA GeForce GT240, 1024 MB, PCI Express 2.0, VGA, HDMI, DVI;R$ 135,09;Kabum;https://www.kabum.com.br/produto/277927/placa-de-video-afox-nvidia-geforce-gt240-1024-mb-pci-express-2-0-vga-hdmi-dvi
Placa de Vídeo PowerColor AMD Radeon RX 550, 4GB GDDR5, 128 Bits - 4GBD5-HLE;R$ 395,90;Kabum;https://www.kabum.com.br/produto/304368/placa-de-video-powercolor-amd-radeon-rx-550-4gb-gddr5-128-bits-4gbd5-hle
Placa de Vídeo RTX 4060 XLR8 VERTO EPIC-X Gaming PNY NVIDIA GeForce, 8GB GDDR6, RGB, DLSS, Ray Tracing - VCG40608TFXXPB1;R$ 1.999,99;Kabum;https://www.kabum.com.br/produto/470146/placa-de-video-rtx-4060-xlr8-verto-epic-x-gaming-pny-nvidia-geforce-8gb-gddr6-rgb-dlss-ray-tracing-vcg40608tfxxpb1
Placa de Vídeo G210 PCYes Projeto Edge Low Profile NVIDIA GeForce, 1GB DDR3 - PPE210DR3SFBR;R$ 149,99;Kabum;https://www.kabum.com.br/produto/537366/placa-de-video-g210-pcyes-projeto-edge-low-profile-nvidia-geforce-1gb-ddr3-ppe210dr3sfbr
Placa de Vídeo RTX 4060 1-Click OC 2X Galax NVIDIA GeForce, 8GB GDDR6, DLSS, G-Sync - 46NSL8MD8LOC;R$ 2.099,99;Kabum;https://www.kabum.com.br/produto/470127/placa-de-video-rtx-4060-1-click-oc-2x-galax-nvidia-geforce-8gb-gddr6-dlss-g-sync-46nsl8md8loc
Placa de Vídeo RTX 4090 Asus NVIDIA TUF Gaming GeForce Edition, 24GB GDDR6X, DLSS, Ray Tracing - TUF-RTX4090-O24G-GAMING;R$ 12.299,99;Kabum;https://www.kabum.com.br/produto/387450/placa-de-video-rtx-4090-asus-nvidia-tuf-gaming-geforce-edition-24gb-gddr6x-dlss-ray-tracing-tuf-rtx4090-o24g-gaming
Placa de vídeo RTX 4080 Super SG Galax NVIDIA GeForce, 16GB GDDR6X, DLSS, Ray Tracing, G-Sync - 48SZM6MD9RSG;R$ 8.499,99;Kabum;https://www.kabum.com.br/produto/518726/placa-de-video-rtx-4080-super-sg-galax-nvidia-geforce-16gb-gddr6x-dlss-ray-tracing-g-sync-48szm6md9rsg
Placa de Vídeo RX 7800 XT Challenger 16G OC ASRock AMD Radeon, 16GB, GDDR6, RDNA 3, Ray Tracing - 90-GA4SZZ-00UANF;R$ 3.499,99;Kabum;https://www.kabum.com.br/produto/482461/placa-de-video-rx-7800-xt-challenger-16g-oc-asrock-amd-radeon-16gb-gddr6-rdna-3-ray-tracing-90-ga4szz-00uanf
Placa de Vídeo RTX 4070 SUPER Gaming Verto OC Triple Fan PNY NVIDIA GeForce, 12GB GDDR6X, DLSS 3, Ray Tracing - VCG4070S12TFXXPB1-O;R$ 4.399,99;Kabum;https://www.kabum.com.br/produto/520757/placa-de-video-rtx-4070-super-gaming-verto-oc-triple-fan-pny-nvidia-geforce-12gb-gddr6x-dlss-3-ray-tracing-vcg4070s12tfxxpb1-o
Kit Adaptador Cooler Master de Placa de Vídeo Vertical Universal V3, Pcie 4.0, com Cabo Riser 4.0 Incluso, branco - MCA-U000R-WFVK03;R$ 419,99;Kabum;https://www.kabum.com.br/produto/476984/kit-adaptador-cooler-master-de-placa-de-video-vertical-universal-v3-pcie-4-0-com-cabo-riser-4-0-incluso-branco-mca-u000r-wfvk03
Placa de Vídeo Gigabyte RX 6500 XT EAGLE AMD , 4GB GDDR6 - GV-R65XTEAGLE-4GD;R$ 1.099,99;Kabum;https://www.kabum.com.br/produto/504403/placa-de-video-gigabyte-rx-6500-xt-eagle-amd-4gb-gddr6-gv-r65xteagle-4gd
Placa de Vídeo Afox AMD Radeon RX 550, 4GB GDDR5, 128 Bits - AFRX550-4096D5H4-V6;R$ 605,88;Kabum;https://www.kabum.com.br/produto/308099/placa-de-video-afox-amd-radeon-rx-550-4gb-gddr5-128-bits-afrx550-4096d5h4-v6
Placa de Vídeo RX 6650 XT MECH 2X 8G OC MSI AMD Radeon, 8GB GDDR6, Free-Sync;R$ 1.499,99;Kabum;https://www.kabum.com.br/produto/479539/placa-de-video-rx-6650-xt-mech-2x-8g-oc-msi-amd-radeon-8gb-gddr6-free-sync
Placa de Vídeo RX 570 Dual Fan PCYes Low Profile, 4GB GDDR5, 128Bits, Graffiti Series - PVRX570LP4GBDF;R$ 699,99;Kabum;https://www.kabum.com.br/produto/514807/placa-de-video-rx-570-dual-fan-pcyes-low-profile-4gb-gddr5-128bits-graffiti-series-pvrx570lp4gbdf
Placa de Vídeo RTX 4070 1-Click OC 3X Black PCI-E Galax NVIDIA GeForce, 12GB GDDR6X, DLSS, G-Sync, Ray Tracing, 192 bits - 47NOM7MD7QOC;R$ 3.899,99;Kabum;https://www.kabum.com.br/produto/473901/placa-de-video-rtx-4070-1-click-oc-3x-black-pci-e-galax-nvidia-geforce-12gb-gddr6x-dlss-g-sync-ray-tracing-192-bits-47nom7md7qoc
Cabo Extensor PCI Express Rise Mode Riser - RM-EX-PV;R$ 139,99;Kabum;https://www.kabum.com.br/produto/132080/cabo-extensor-pci-express-rise-mode-riser-rm-ex-pv
Placa de Vídeo RTX 4070 Ti Super Gigabyte Windforce NVIDIA GeForce, 16GB GDDR6, DLSS, Ray Tracing - GV-N407TSWF3OC-16GD;R$ 6.399,99;Kabum;https://www.kabum.com.br/produto/517739/placa-de-video-rtx-4070-ti-super-gigabyte-windforce-nvidia-geforce-16gb-gddr6-dlss-ray-tracing-gv-n407tswf3oc-16gd
Placa de Vídeo Galax NVIDIA GeForce GT 210, 1GB DDR3, 64 Bits - 21GGF4HI00NP;R$ 144,84;Kabum;https://www.kabum.com.br/produto/191932/placa-de-video-galax-nvidia-geforce-gt-210-1gb-ddr3-64-bits-21ggf4hi00np
Placa de Vídeo Asus AMD Radeon RX550 Phoenix, 4GB DDR5, 128 Bits - PH-RX550-4G-EVO;R$ 599,00;Kabum;https://www.kabum.com.br/produto/358063/placa-de-video-asus-amd-radeon-rx550-phoenix-4gb-ddr5-128-bits-ph-rx550-4g-evo
Placa de Video RTX 4060 Dual Palit NVIDIA GeForce, 8GB GDDR6, RGB, 128bit, G-Sync, Ray Tracing, DLSS - NE64060019P1-1070D;R$ 1.899,99;Kabum;https://www.kabum.com.br/produto/511041/placa-de-video-rtx-4060-dual-palit-nvidia-geforce-8gb-gddr6-rgb-128bit-g-sync-ray-tracing-dlss-ne64060019p1-1070d
Kit Adaptador Cooler Master de Placa de Vídeo Vertical Universal V3, Pcie 4.0, com Cabo Riser 4.0 Incluso, Preto e Cinza - MCA-U000R-KFVK03;R$ 499,99;Kabum;https://www.kabum.com.br/produto/384745/kit-adaptador-cooler-master-de-placa-de-video-vertical-universal-v3-pcie-4-0-com-cabo-riser-4-0-incluso-preto-e-cinza-mca-u000r-kfvk03
Placa de Vídeo RTX 4070 Ti SUPER Gaming Verto Triple Fan PNY NVIDIA GeForce, 16GB GDDR6X, DLSS 3, Ray Tracing - VCG4070TS16TFXPB1-O;R$ 5.999,99;Kabum;https://www.kabum.com.br/produto/520758/placa-de-video-rtx-4070-ti-super-gaming-verto-triple-fan-pny-nvidia-geforce-16gb-gddr6x-dlss-3-ray-tracing-vcg4070ts16tfxpb1-o
Placa de Vídeo VGA Galax NVIDIA GeForce GT 1030 2GB GDDR5 64Bits - 30NPH4HVQ4ST;R$ 519,99;Kabum;https://www.kabum.com.br/produto/91431/placa-de-video-vga-galax-nvidia-geforce-gt-1030-2gb-gddr5-64bits-30nph4hvq4st
Placa De Vídeo Asus Dual Geforce, Rtx 4060 Ti, Oc Edition, 8GB, GDDR6, 128 Bits - Dual-rtx4060ti-08g;R$ 3.591,00;Kabum;https://www.kabum.com.br/produto/536965/placa-de-video-asus-dual-geforce-rtx-4060-ti-oc-edition-8gb-gddr6-128-bits-dual-rtx4060ti-08g
Placa de Vídeo GeForce RTX 4070 1-Click OC 3X Galax NVIDIA Geforce, 12GB GDDR6X, DLSS, Ray Tracing - 527200-0658;R$ 3.699,99;Kabum;https://www.kabum.com.br/produto/485264/placa-de-video-geforce-rtx-4070-1-click-oc-3x-galax-nvidia-geforce-12gb-gddr6x-dlss-ray-tracing-527200-0658
Suporte Para Placa De Vídeo Ntc, R10, Preto - R10blk;R$ 25,38;Kabum;https://www.kabum.com.br/produto/505855/suporte-para-placa-de-video-ntc-r10-preto-r10blk
Placa de Vídeo Pcyes NVIDIA GeForce G 210, 1 GB DDR3 - PVG2101GBR364LP;R$ 129,99;Kabum;https://www.kabum.com.br/produto/441114/placa-de-video-pcyes-nvidia-geforce-g-210-1-gb-ddr3-pvg2101gbr364lp
Placa de Vídeo RTX 4070 Ti Ventus MSI NVIDIA GeForce, 12 GB GDDR6X, DLSS 3, Ray Tracing  - GeForce RTX 4070 Ti VENTUS 3X 12G OC;R$ 5.199,99;Kabum;https://www.kabum.com.br/produto/403373/placa-de-video-rtx-4070-ti-ventus-msi-nvidia-geforce-12-gb-gddr6x-dlss-3-ray-tracing-geforce-rtx-4070-ti-ventus-3x-12g-oc
Placa de vídeo MSI NVIDIA RTX 4070 GDDR6x Ventus 2X, OC, Ray Tracing, 192 Bits - 912-v513-063;R$ 4.199,00;Kabum;https://www.kabum.com.br/produto/461853/placa-de-video-msi-nvidia-rtx-4070-gddr6x-ventus-2x-oc-ray-tracing-192-bits-912-v513-063
Placa de vídeo RTX 4070 Super 1-Click OC 2X Galax NVIDIA GeForce, 12GB GDDR6X, DLSS, Ray Trancing - 4895147155517;R$ 4.099,99;Kabum;https://www.kabum.com.br/produto/518722/placa-de-video-rtx-4070-super-1-click-oc-2x-galax-nvidia-geforce-12gb-gddr6x-dlss-ray-trancing-4895147155517
Placa de Vídeo RTX 4090 ROG Strix Edition Asus NVIDIA GeForce, 24 GB GDDR6X, ARGB, DLSS, Ray Tracing, Branco - ROG-STRIX-RTX4090-O24G-WHITE;R$ 12.999,99;Kabum;https://www.kabum.com.br/produto/419113/placa-de-video-rtx-4090-rog-strix-edition-asus-nvidia-geforce-24-gb-gddr6x-argb-dlss-ray-tracing-branco-rog-strix-rtx4090-o24g-white
Placa de vídeo RTX 4070 Ti Super EX OC Galax NVIDIA GeForce, 16GB GDDR6X - 527200-0679;R$ 5.599,99;Kabum;https://www.kabum.com.br/produto/518723/placa-de-video-rtx-4070-ti-super-ex-oc-galax-nvidia-geforce-16gb-gddr6x-527200-0679
Placa de Vídeo RTX 4090 Asus NVIDIA ROG Strix, 24 GB GDDR6X, ARGB, DLSS, Ray Tracing - ROG-STRIX-RTX4090-O24G-GAMING;R$ 14.999,99;Kabum;https://www.kabum.com.br/produto/387449/placa-de-video-rtx-4090-asus-nvidia-rog-strix-24-gb-gddr6x-argb-dlss-ray-tracing-rog-strix-rtx4090-o24g-gaming
Placa de Vídeo RTX 4070 Ti Super OC Gaming Verto EPIC-X RGB Triple Fan PNY NVIDIA GeForce, 16GB GDDR6X, DLSS 3, Ray Tracing - VCG4070TS16TFXXPB1-O;R$ 5.699,99;Kabum;https://www.kabum.com.br/produto/520759/placa-de-video-rtx-4070-ti-super-oc-gaming-verto-epic-x-rgb-triple-fan-pny-nvidia-geforce-16gb-gddr6x-dlss-3-ray-tracing-vcg4070ts16tfxxpb1-o
Placa De Vídeo RTX 4060 TI Ventus 2x Oc, MSI, Nvidia, 8GB, GDDR6 - 912-V515-024;R$ 2.914,00;Kabum;https://www.kabum.com.br/produto/475205/placa-de-video-rtx-4060-ti-ventus-2x-oc-msi-nvidia-8gb-gddr6-912-v515-024
Placa de Vídeo R5 230  PCYes Projeto Edge Low Profile NVIDIA GeForce, 2GB DDR3 - PPER230DR3LPBR;R$ 169,99;Kabum;https://www.kabum.com.br/produto/537367/placa-de-video-r5-230-pcyes-projeto-edge-low-profile-nvidia-geforce-2gb-ddr3-pper230dr3lpbr
Placa de Vídeo RX 7900 XT Phantom Gaming ASRock AMD, 20 GB GDDR6, ARGB - 90-GA3XZZ-00UANF;R$ 4.999,99;Kabum;https://www.kabum.com.br/produto/403271/placa-de-video-rx-7900-xt-phantom-gaming-asrock-amd-20-gb-gddr6-argb-90-ga3xzz-00uanf
Placa de vídeo RTX 4070 Ti Super SG Galax NVIDIA GeForce, 16GB, GDDR6X, DLSS, Ray Tracing - 47UZM6MD6MER;R$ 5.999,99;Kabum;https://www.kabum.com.br/produto/518725/placa-de-video-rtx-4070-ti-super-sg-galax-nvidia-geforce-16gb-gddr6x-dlss-ray-tracing-47uzm6md6mer
Placa de Vídeo RX 7700 XT Phantom Gaming 12G OC ASRock AMD Radeon, 12GB, GDDR6, Ray Tracing - 90-GA4LZZ-00UANF;R$ 3.099,99;Kabum;https://www.kabum.com.br/produto/482462/placa-de-video-rx-7700-xt-phantom-gaming-12g-oc-asrock-amd-radeon-12gb-gddr6-ray-tracing-90-ga4lzz-00uanf
Placa de Vídeo RTX 4080 Super MSI 16G Ventus 3X OC NVIDIA GeForce, 16GB GDDR6X, DLSS, Ray Tracing;R$ 7.299,99;Kabum;https://www.kabum.com.br/produto/520528/placa-de-video-rtx-4080-super-msi-16g-ventus-3x-oc-nvidia-geforce-16gb-gddr6x-dlss-ray-tracing
Placa De Vídeo Galax NVIDIA GeForce RTX 4070, 12GB, GDDR6X, Ex Gamer, White - 47NOM7MD7KWH;R$ 5.783,70;Kabum;https://www.kabum.com.br/produto/457920/placa-de-video-galax-nvidia-geforce-rtx-4070-12gb-gddr6x-ex-gamer-white-47nom7md7kwh
Placa de Vídeo RX 7700 XT Gaming OC Gigabyte AMD, 12GB GDDR6, RGB, 192 Bits - GV-R77XTGAMING OC-12GD;R$ 2.999,99;Kabum;https://www.kabum.com.br/produto/495213/placa-de-video-rx-7700-xt-gaming-oc-gigabyte-amd-12gb-gddr6-rgb-192-bits-gv-r77xtgaming-oc-12gd
Placa de Vídeo RTX 4090 Gaming Trio 24G MSI NVIDIA GeForce, 24GB GDDR6X, DLSS, Ray Tracing, G-Sync;R$ 11.999,99;Kabum;https://www.kabum.com.br/produto/534159/placa-de-video-rtx-4090-gaming-trio-24g-msi-nvidia-geforce-24gb-gddr6x-dlss-ray-tracing-g-sync
Placa de Vídeo Quadro T400 PNY NVIDIA, 4GB, GDDR6, PCIe 3.0 - VCNT4004GB-PB;R$ 1.099,99;Kabum;https://www.kabum.com.br/produto/301519/placa-de-video-quadro-t400-pny-nvidia-4gb-gddr6-pcie-3-0-vcnt4004gb-pb
Placa de Vídeo RX 7700 XT Steel Legend 12G OC ASRock AMD Radeon, 12GB, GDDR6,AMD RDNA 3, Ray Tracing - 90-GA4PZZ-00UANF;R$ 2.999,99;Kabum;https://www.kabum.com.br/produto/482463/placa-de-video-rx-7700-xt-steel-legend-12g-oc-asrock-amd-radeon-12gb-gddr6-amd-rdna-3-ray-tracing-90-ga4pzz-00uanf
Placa de Vídeo PNY GeForce RTX 4090 XLR8 Gaming Verto Epic-x NVIDIA GeForce RGB, 24 GB GDDR6X, DLSS, Ray Tracing - VCG409024TFXXPB1-O;R$ 11.299,99;Kabum;https://www.kabum.com.br/produto/397573/placa-de-video-pny-geforce-rtx-4090-xlr8-gaming-verto-epic-x-nvidia-geforce-rgb-24-gb-gddr6x-dlss-ray-tracing-vcg409024tfxxpb1-o
Placa de Vídeo RX 7600 Challenger ASRock AMD Radeon,  8GB GDDR6 - 90-GA41ZZ-00UANF;R$ 1.699,99;Kabum;https://www.kabum.com.br/produto/459144/placa-de-video-rx-7600-challenger-asrock-amd-radeon-8gb-gddr6-90-ga41zz-00uanf
Placa de Vídeo RTX 4080 Super OC Gaming Verto Triple Fan PNY NVIDIA GeForce, 16GB GDDR6X, DLSS 3, Ray Tracing - VCG4080S16TFXPB1-O;R$ 6.999,99;Kabum;https://www.kabum.com.br/produto/520760/placa-de-video-rtx-4080-super-oc-gaming-verto-triple-fan-pny-nvidia-geforce-16gb-gddr6x-dlss-3-ray-tracing-vcg4080s16tfxpb1-o
Placa de Vídeo RTX 4070 ASUS Dual O12G Evo, 12GB GDDR6X, DLSS3, Ray Tracing, G-Sync - 90YV0J15-M0NA00;R$ 3.749,99;Kabum;https://www.kabum.com.br/produto/534535/placa-de-video-rtx-4070-asus-dual-o12g-evo-12gb-gddr6x-dlss3-ray-tracing-g-sync-90yv0j15-m0na00
Placa de Video RTX 4090 XLR8 Gaming Verto Edition PNY NVIDIA Geforce, 24GB GDDR6X, RGB, DLSS, Ray Tracing - VCG409024TFXXPB1;R$ 11.299,99;Kabum;https://www.kabum.com.br/produto/388795/placa-de-video-rtx-4090-xlr8-gaming-verto-edition-pny-nvidia-geforce-24gb-gddr6x-rgb-dlss-ray-tracing-vcg409024tfxxpb1
Placa De Vídeo Asus Nvidia Geforce RTX 4060, Dual White Oc, 8GB, GDDR6, 128 Bits - Dual-Rtx4060-O8g;R$ 2.835,00;Kabum;https://www.kabum.com.br/produto/537161/placa-de-video-asus-nvidia-geforce-rtx-4060-dual-white-oc-8gb-gddr6-128-bits-dual-rtx4060-o8g
Placa De Vídeo Asus Geforce, Rtx 4060 Ti, Dual, White Oc 8g, GDDR6 128 Bits - Dual-rtx4060ti-o8g-white;R$ 2.548,32;Kabum;https://www.kabum.com.br/produto/536972/placa-de-video-asus-geforce-rtx-4060-ti-dual-white-oc-8g-gddr6-128-bits-dual-rtx4060ti-o8g-white
Placa de Vídeo  RTX 4080 XLR8 Gaming Verto Epic-x RGB PNY NVIDIA GeForce, 16 GB GDDR6X, DLSS, Ray Tracing - VCG408016TFXXPB1-O;R$ 7.699,99;Kabum;https://www.kabum.com.br/produto/397576/placa-de-video-rtx-4080-xlr8-gaming-verto-epic-x-rgb-pny-nvidia-geforce-16-gb-gddr6x-dlss-ray-tracing-vcg408016tfxxpb1-o
Suporte para GPU Cooler Master, ARGB, 510mm, Vidro Temperado, 20.1 - MCA-U000R-GSBTG-00;R$ 139,99;Kabum;https://www.kabum.com.br/produto/292681/suporte-para-gpu-cooler-master-argb-510mm-vidro-temperado-20-1-mca-u000r-gsbtg-00
Placa de Vídeo Afox NVIDIA GeForce GT740, 4GB GDDR5, 128 Bits, HDMI, DVI, VGA - AF740-4096D5H2-V2;R$ 615,91;Kabum;https://www.kabum.com.br/produto/268264/placa-de-video-afox-nvidia-geforce-gt740-4gb-gddr5-128-bits-hdmi-dvi-vga-af740-4096d5h2-v2
Placa de Vídeo Intel Arc A750 Challenger D ASRock, 8 GB GDDR6 - 90-GA3HZZ-00UANF;R$ 1.499,99;Kabum;https://www.kabum.com.br/produto/394074/placa-de-video-intel-arc-a750-challenger-d-asrock-8-gb-gddr6-90-ga3hzz-00uanf
Placa de Vídeo R5 220 PCYes Projeto Edge Low Profile, AMD Radeon 2GB, DDR3 - PPER5DR3LPBR;R$ 169,99;Kabum;https://www.kabum.com.br/produto/535162/placa-de-video-r5-220-pcyes-projeto-edge-low-profile-amd-radeon-2gb-ddr3-pper5dr3lpbr
Placa de Vídeo RTX 4060 Ti Aero OC 8G Gigabyte NVIDIA GeForce, 8GB GDDR6, 128bits, RGB, DLSS, Ray Tracing - GV-N406TAERO OC-8GD;R$ 2.999,99;Kabum;https://www.kabum.com.br/produto/475643/placa-de-video-rtx-4060-ti-aero-oc-8g-gigabyte-nvidia-geforce-8gb-gddr6-128bits-rgb-dlss-ray-tracing-gv-n406taero-oc-8gd
Placa de Vídeo GTX 1630 EX Galax Nvidia GeForce, 4 GB GDDR6 - 63NQL4HP66EX;R$ 999,99;Kabum;https://www.kabum.com.br/produto/380802/placa-de-video-gtx-1630-ex-galax-nvidia-geforce-4-gb-gddr6-63nql4hp66ex
Placa de Vídeo GT 740 PCYES NVIDIA GeForce, 4GB GDDR5, 128 Bits Single Fan - PVGT7404GBR5128;R$ 474,99;Kabum;https://www.kabum.com.br/produto/453560/placa-de-video-gt-740-pcyes-nvidia-geforce-4gb-gddr5-128-bits-single-fan-pvgt7404gbr5128
Placa de Vídeo RX 550 Phantom Gaming ASRock AMD, 4 GB GDDR5 - 90-GA07ZZ-00UANF;R$ 599,90;Kabum;https://www.kabum.com.br/produto/498285/placa-de-video-rx-550-phantom-gaming-asrock-amd-4-gb-gddr5-90-ga07zz-00uanf
Placa de Vídeo RTX 4070 Ti ROG Strix Gaming Asus NVIDIA GeForce, 12 GB GDDR6X, ARGB, Ray Tracing  - ROG-STRIX-RTX4070TI-O12G-GAMING;R$ 6.799,99;Kabum;https://www.kabum.com.br/produto/403370/placa-de-video-rtx-4070-ti-rog-strix-gaming-asus-nvidia-geforce-12-gb-gddr6x-argb-ray-tracing-rog-strix-rtx4070ti-o12g-gaming
Placa De Vídeo Nvidia Geforce Gt 730 4gb GDDR5 64bits PCyes Pvgt7304gb;R$ 364,46;Kabum;https://www.kabum.com.br/produto/576526/placa-de-video-nvidia-geforce-gt-730-4gb-gddr5-64bits-pcyes-pvgt7304gb
Placa De Video Msi Geforce Rtx 4070, Ti Ventus 3x E 12g Oc 12;R$ 7.019,10;Kabum;https://www.kabum.com.br/produto/523686/placa-de-video-msi-geforce-rtx-4070-ti-ventus-3x-e-12g-oc-12
Placa de Vídeo RTX 4060 Ti Twin X2 OC Inno3D NVIDIA GeForce, 16Gb GDDR6, Dual fan, DLSS, Ray Tracing, G-Sync - N406T2-16D6X-178055N;R$ 2.999,99;Kabum;https://www.kabum.com.br/produto/474308/placa-de-video-rtx-4060-ti-twin-x2-oc-inno3d-nvidia-geforce-16gb-gddr6-dual-fan-dlss-ray-tracing-g-sync-n406t2-16d6x-178055n
Placa de Vídeo Intel Arc A770 Phantom Gaming AsRock, 16GB GDDR6, RGB, Polychrome SYNC - 90-GA4KZZ-00UANF;R$ 2.179,99;Kabum;https://www.kabum.com.br/produto/476794/placa-de-video-intel-arc-a770-phantom-gaming-asrock-16gb-gddr6-rgb-polychrome-sync-90-ga4kzz-00uanf
Placa de Vídeo RX 7600 XT ASUS AMD Radeon Dual O16G, 16GB GDDR6 - 90YV0K21-M0NA00;R$ 2.369,99;Kabum;https://www.kabum.com.br/produto/529101/placa-de-video-rx-7600-xt-asus-amd-radeon-dual-o16g-16gb-gddr6-90yv0k21-m0na00
Placa De Vídeo Nvidia Gigabyte Geforce, RTX 4070 Ti Super, Windforce Oc, 16GB, GDDR6x 256 Bits - Gv-n407tswf3oc-16gd;R$ 5.499,90;Kabum;https://www.kabum.com.br/produto/538961/placa-de-video-nvidia-gigabyte-geforce-rtx-4070-ti-super-windforce-oc-16gb-gddr6x-256-bits-gv-n407tswf3oc-16gd
Placa de Vídeo PCyes NVIDIA RTX 2060 Graffiti Series, 6GB GDDR6, Preto - PA2060RTX6GDF;R$ 1.399,99;Kabum;https://www.kabum.com.br/produto/348098/placa-de-video-pcyes-nvidia-rtx-2060-graffiti-series-6gb-gddr6-preto-pa2060rtx6gdf
Placa de Vídeo RTX 4070 O12G White NVIDIA GeForce, 12GB GDDR6X, DLSS, Ray Tracing, G-Sync - 90YV0IZ4-M0NA00;R$ 3.799,99;Kabum;https://www.kabum.com.br/produto/501559/placa-de-video-rtx-4070-o12g-white-nvidia-geforce-12gb-gddr6x-dlss-ray-tracing-g-sync-90yv0iz4-m0na00
Placa De Vídeo Galax RTX 4060 1-click Oc 2x, 8GB, GDDR6, 128bits - 46nsl8md8loc;R$ 2.390,00;Kabum;https://www.kabum.com.br/produto/479024/placa-de-video-galax-rtx-4060-1-click-oc-2x-8gb-gddr6-128bits-46nsl8md8loc
Placa De Vídeo RTX 4080 Black ST Galax Nvidia, 16GB GDDR6X, 256 Bits, 3 DP, HDMI 2.1, Dlss3 - 48nzm6md6lts;R$ 7.399,00;Kabum;https://www.kabum.com.br/produto/480640/placa-de-video-rtx-4080-black-st-galax-nvidia-16gb-gddr6x-256-bits-3-dp-hdmi-2-1-dlss3-48nzm6md6lts
Placa De Vídeo RTX 3060 Zotac Nvidia Geforce, 12GB, GDDR6, 192 Bits - A30600p-10m;R$ 2.227,44;Kabum;https://www.kabum.com.br/produto/544058/placa-de-video-rtx-3060-zotac-nvidia-geforce-12gb-gddr6-192-bits-a30600p-10m
Placa de Vídeo RTX 4080 Super OC Gaming Verto EPIC-X RGB Triple Fan PNY NVIDIA GeForce, 16GB GDDR6X, DLSS 3, Ray Tracing - VCG4080S16TFXXPB1-O;R$ 6.799,99;Kabum;https://www.kabum.com.br/produto/520761/placa-de-video-rtx-4080-super-oc-gaming-verto-epic-x-rgb-triple-fan-pny-nvidia-geforce-16gb-gddr6x-dlss-3-ray-tracing-vcg4080s16tfxxpb1-o
Placa De Vídeo BRX, AMD RX 580, 8GB, GDDR 5, 256Bit, VGA;R$ 1.199,99;Kabum;https://www.kabum.com.br/produto/459997/placa-de-video-brx-amd-rx-580-8gb-gddr-5-256bit-vga
Placa de Vídeo Afox AMD Radeon R5 230, 1GB DDR3, 64 Bits, LP Heatsink, HDMI, DVI, VGA - AFR5230-1024D;R$ 166,13;Kabum;https://www.kabum.com.br/produto/270478/placa-de-video-afox-amd-radeon-r5-230-1gb-ddr3-64-bits-lp-heatsink-hdmi-dvi-vga-afr5230-1024d
Placa de Vídeo RTX 4080 ROG Strix Edition Asus NVIDIA GeForce, 16GB GDDR6X, ARGB, DLSS, Ray Tracing, Branco - ROG-STRIX-RTX4080-O16G-WHITE;R$ 8.354,99;Kabum;https://www.kabum.com.br/produto/419112/placa-de-video-rtx-4080-rog-strix-edition-asus-nvidia-geforce-16gb-gddr6x-argb-dlss-ray-tracing-branco-rog-strix-rtx4080-o16g-white
